﻿Country;Gender_pay_gap;Monthly_earnings;Weekly_working_hours;Training_participation;Good_relationship_with_supervisor;Unemployment_rate;Geographic_distribution;GDP_per_capita
Belgium;5.8;3360;37.3;47.7;64.8;6;West;35510
Bulgaria;13.9;608;40.7;15.9;78.5;6.2;East;6330
Czechia;20.1;1225;40.4;52.9;61.8;2.2;East;17990
Denmark;14.6;4473;33.7;38;70.8;5.1;North;48450
Germany;20.1;3349;35.4;41.7;46.6;3.2;West;35650
Estonia;21.8;1285;38.6;49.2;59.5;5.4;North;14920
Ireland;11.3;3760;36.5;50.9;79.9;5.8;North;57610
Greece;10.4;1356;42;8.8;80.1;19.7;South;17430
Spain;11.9;2043;37.7;32;69.3;15.3;South;24890
France;16.7;2895;37.4;40.8;58.3;9;West;32800
Croatia;11.4;1179;39.7;26.1;60.6;8.5;East;12250
Italy;5.5;2520;37.3;30.4;36.2;10.6;South;27030
Cyprus;10.4;1909;39.4;22.9;73.5;8.4;South;24500
Latvia;19.6;1158;39;34.1;61.9;7.4;North;12140
Lithuania;14.0;970;38.9;33.8;70.9;6.2;North;13400
Luxembourg;1.4;4630;37.7;49.2;66.8;5.6;West;83510
Hungary;14.2;996;39.7;25.5;76.6;3.6;East;12690
Malta;13.0;1939;39.1;38.4;82.5;3.7;South;22510
Netherlands;14.7;3076;30.7;50.5;59.1;4.9;West;41450
Austria;20.4;3066;36.7;43.8;59.8;5.2;West;37690
Poland;8.5;1105;40.6;35.5;47.5;3.9;East;12500
Portugal;8.9;1293;40;26;71.2;7.2;South;18190
Romania;2.2;951;39.8;19.2;65.4;5.3;East;8910
Slovenia;9.3;1719;39.4;43.2;68.5;5.1;South;20240
Slovakia;19.8;1164;40.1;47.2;56.1;6.5;East;15580
Finland;16.9;3360;37.2;55.2;71.3;7.5;North;36740
Sweden;12.1;3488;36.9;45.4;51.8;6.5;North;43760
United Kingdom;19.8;3258;36.9;50.6;72.0;4;North;32640
